CHROM	POS	ID	REF	ALT	BETA
1	6104002	rs3789563	T	C	0.002341892
1	6828608	rs430962	A	G	-0.001116209
1	7946009	rs11121046	T	G	-0.00516976
1	9489406	rs12405873	C	T	0.003224146
1	25281043	Affx-8168963	T	C	0.002970578
1	30525355	rs437441	G	A	-0.0005789284
1	31895931	rs12132936	A	G	0.0008784727
1	35328245	rs4653109	A	G	-0.0006987676
1	35340545	rs6682108	A	G	0.003084797
1	36789546	rs12116935	A	G	-0.001845478
1	40006052	rs1180349	T	C	-0.0002479975
1	40066622	rs2310799	G	A	0.003125742
1	42361102	rs783628	G	A	-0.0004377714
1	43277312	rs323716	T	C	0.007228073
1	43329460	rs61777677	G	T	-0.0004618242
1	54732940	rs679200	A	G	0.00279767
1	55481832	rs17111479	G	C	0.0003855653
1	68358298	rs7543522	A	C	-0.003882946
1	72812324	rs2815753	G	A	0.0005656333
1	73167632	rs4636401	C	T	-9.443685e-05
1	73209862	rs10789344	T	C	-0.003028518
1	76588532	rs1335738	A	G	0.002291958
1	77398067	rs3113985	G	A	0.0007473201
1	77986516	rs10873947	G	A	-0.00306793
1	94980123	rs72729511	G	A	0.0006717952
1	97779535	rs12030332	A	G	-0.002322897
1	98556115	rs2802536	T	C	-0.004903002
1	103575991	rs11164673	C	A	0.0006964298
1	110685011	rs970977	C	T	0.003318061
1	153631071	rs3806234	G	A	0.001012846
1	154704595	rs925042	A	G	0.003099961
1	167154534	rs12144916	A	G	0.0002622984
1	169078859	rs1200131	G	A	-0.00224672
1	180597577	rs6661325	T	C	-0.005734455
1	193504005	rs10494688	A	G	-0.00234008
1	201159461	rs831750	T	C	-0.0009204319
1	201373844	rs1107256	G	A	-0.0001626596
1	201375751	rs1256946	T	C	-0.001257467
1	201735730	rs507068	A	G	-0.000203643
1	205773461	rs708729	C	T	0.00108949
1	232736520	rs16857753	A	C	-0.004383592
1	244199872	rs2500487	T	C	-0.0004267486
1	244317946	rs59034600	G	A	-0.0005170725
1	247046778	rs10924863	A	G	0.001146539
10	1278028	rs34525672	G	A	-0.005566874
10	1746952	rs7090470	T	G	-0.0001624171
10	3737678	rs7923221	G	A	-0.0007397952
10	10928268	rs1018573	T	G	-0.0004275906
10	21824727	rs10828249	G	A	0.00307985
10	24281017	rs10508667	T	C	-0.002204871
10	25125228	rs9418459	C	A	-0.003517954
10	52032084	rs7082758	A	G	0.004802118
10	61486286	rs2671613	T	C	0.002644371
10	68284017	rs2939914	A	C	0.002391184
10	103101769	rs12781083	T	C	0.002792076
10	111441034	rs7899245	C	T	-0.003817332
10	121199310	rs1109490	T	C	0.0009331001
10	134724346	rs12412225	C	A	-0.0004386018
11	9113474	rs7105754	T	C	0.0004476164
11	9177083	rs2173406	T	C	0.0001164341
11	15225658	rs1792549	G	A	-0.0004594477
11	26692742	rs7128823	G	A	-0.003533888
11	38473382	rs10501199	G	T	0.004224159
11	66184140	rs2282529	G	A	0.005364775
11	94261255	rs647484	C	G	0.0009388779
11	96922959	rs11224662	G	A	-0.002882255
11	106666059	rs10890590	G	A	-0.0004001929
11	113430486	rs4373974	T	G	-0.001716107
11	119410158	rs11217308	T	C	-0.001047048
12	3757548	rs887304	T	C	0.007635772
12	6901134	rs2707212	C	T	-0.007530574
12	18345507	rs7314271	T	G	-0.004176922
12	20905250	rs6487138	C	T	-0.001582318
12	22283236	rs10770891	G	A	-0.003148409
12	22398572	rs2284852	T	C	-0.001924436
12	22985151	rs17175003	C	T	-0.002552032
12	31076812	rs4930943	A	G	0.005772412
12	70097865	rs10506569	C	T	0.001021589
12	71875537	rs35838344	T	G	0.004262465
12	105175845	rs1316594	C	T	0.0008030445
12	108618630	rs3764002	C	T	-0.009099435
12	125521320	rs7308455	G	T	0.000835904
13	20961323	rs2094669	C	T	-0.004212321
13	24823006	rs9553225	G	A	0.003665854
13	27386193	rs9551325	G	A	0.003520977
13	30912750	rs9508711	G	A	-0.0004742051
13	50194394	rs9535274	G	A	-0.00530549
13	51174638	rs9535468	T	G	0.0002850045
13	75285262	rs58267051	A	G	-0.002694725
13	78085279	rs9574076	A	G	-0.001185911
13	78666318	rs2251534	A	G	0.0005572289
13	102517317	rs7999817	G	A	0.0001961053
13	104822908	rs1923869	T	C	-0.0006481194
13	105128469	rs6491860	C	A	0.00116919
13	107840018	rs10508184	T	C	-0.001052367
13	110149426	rs10492480	G	A	-0.001239237
13	110177108	rs12877050	T	C	0.003749506
14	22549610	rs7151427	C	T	0.00186339
14	29186491	rs35668458	T	C	-0.0006031948
14	32944534	rs60993482	A	G	0.002025395
14	33336881	rs17522991	A	G	0.005391244
14	48236767	rs2022676	T	C	-0.0006665458
14	75083881	rs4903249	C	T	-0.003840076
14	83261763	rs2009882	G	A	0.002432352
14	84210672	rs17635227	A	G	0.004529096
14	85570036	rs6574803	A	G	0.001791719
14	86374744	rs61991354	C	A	-0.0008350954
14	99071989	rs2064941	C	T	-0.00113233
14	99141500	rs4630487	C	A	9.989893e-05
14	99590399	rs807444	C	T	0.005470781
14	101576372	rs8020733	T	C	0.001445143
14	103342049	rs1131877	T	C	0.0006127273
14	106754445	rs12100641	T	A	-0.002098351
15	28327835	rs4778137	C	G	-0.0002203061
15	30265887	rs12906280	G	A	0.007531114
15	36059349	rs1027486	T	C	-0.005965496
15	37740195	rs1457259	C	T	-0.001870197
15	39236370	rs1433877	T	C	-0.0008590586
15	39239986	rs7173055	A	G	0.002591762
15	47686263	rs3198	G	A	0.0002566486
15	63144236	rs11071694	C	T	0.0006336813
15	78877150	rs11637635	A	G	-0.004354414
15	88756201	rs4887212	T	C	-0.002473236
15	91561446	rs7164916	T	C	0.0001431852
15	94875328	rs8041741	T	C	0.001351187
15	99082832	rs35057053	A	G	0.004317021
16	1270162	rs1054645	G	A	-0.0003268044
16	1273803	rs909921	C	T	-0.008082862
16	4997689	rs2972274	A	G	-0.0009033669
16	8823848	rs13333072	A	G	-0.0005828712
16	9102931	rs55976165	C	T	-0.0002439567
16	27034410	rs12598032	T	C	0.003726047
16	50914952	rs35184192	G	T	0.005787313
16	50948106	rs4785479	A	G	-0.00256281
16	60537817	rs1450373	C	T	-0.0009864012
16	60716005	rs9302725	T	G	-0.00133119
16	71885423	rs61747555	A	G	-0.0002963805
16	72007399	rs9925415	C	T	-0.002128804
16	80558505	rs12598305	T	C	0.000204429
16	81955238	rs3922850	A	G	-0.003734739
16	85177378	rs2937135	C	T	-0.003571483
17	1038188	rs9916862	A	G	0.0001765491
17	2788190	rs8068819	C	T	-0.001678833
17	4961242	rs411799	A	G	-1.920805e-05
17	13795965	rs12937632	C	T	0.0036203
17	33664441	rs9898340	A	G	-0.001673158
17	40912760	rs1078523	A	G	-0.001044542
17	43923180	Affx-13927229	G	A	-0.001010967
17	74588719	rs34346636	CA	C	-0.005829714
17	77773876	rs870681	A	C	-0.008231067
17	77781387	rs745571	T	C	-0.001535168
18	35156177	rs7243428	A	G	0.004097151
18	42070177	rs12958735	A	G	-0.0004407555
18	57098391	rs1048006	G	A	0.0002295568
18	68811729	rs9963038	A	G	-0.002480997
18	70339301	rs10871703	A	C	0.001291607
18	70341699	rs9945688	A	G	0.001736328
18	74301852	rs62112949	G	C	-0.000393469
19	2032148	rs2395891	G	T	-0.001722357
19	4308098	rs11669091	T	C	0.00187834
19	6510003	rs3865466	A	G	-0.002653799
19	39862881	rs36265	C	T	0.00214792
19	46973981	rs4803960	G	A	-0.001667344
2	10136855	rs6720387	A	G	0.001562314
2	11210870	rs730990	C	T	-0.002045468
2	29809861	rs11686243	G	A	0.001345989
2	49013655	rs11125183	T	C	0.001512719
2	51227012	rs2216308	A	C	-0.006603773
2	55360013	rs2968801	A	G	-0.000137391
2	57015222	rs2216406	G	A	0.001407695
2	60441184	rs9309322	G	A	0.004351721
2	67382758	rs34762003	T	C	0.006432994
2	68457573	rs12468533	C	T	-0.004901726
2	68518280	rs7600326	C	T	-0.001623227
2	71654175	rs1804020	G	A	-0.001302977
2	80214006	rs595744	A	G	-0.003400898
2	96672001	rs1917890	C	T	0.001852432
2	96737083	rs2579552	A	G	0.000291351
2	100160024	rs10206082	T	C	0.002008248
2	121631384	rs277554	T	C	0.001563856
2	127845823	rs4662705	G	T	0.0005501521
2	149918182	rs59232233	C	A	0.006459973
2	155632293	rs12995382	T	C	-0.003786381
2	155658964	rs17566896	G	C	-0.001111183
2	171003409	rs12619467	G	A	0.004615366
2	202396786	rs11683834	T	G	-0.001476901
2	220354108	rs55760516	A	G	-0.0002252681
2	220694114	rs17609914	T	G	0.0006161266
2	228670387	rs7574953	G	A	-0.0005144867
2	228894339	rs34284590	A	C	-0.001054469
2	237924504	rs2701326	T	C	0.005543994
20	8463931	rs2327069	A	G	0.002482779
20	10794102	rs6040178	G	A	0.003371368
20	19576372	rs34038646	T	C	0.006762742
20	31585545	rs440139	C	T	0.003141828
20	41702885	rs6016945	G	A	-0.003400739
20	41716653	rs1006749	G	A	-0.002122707
20	49267308	rs6020667	T	C	0.0006092987
20	62409394	rs6512290	G	A	0.0004484589
21	18808923	rs208885	T	G	-0.002253095
21	22744355	rs232514	G	A	0.004296121
21	29237272	rs1236366	C	T	0.001956892
21	35855745	rs2834493	T	C	0.0003994349
21	40970376	rs511415	T	A	-0.0001140634
21	44293744	rs2248490	C	G	-0.0004007341
22	26222454	rs9624909	C	T	0.004798446
22	26707586	rs653327	A	G	0.0006506631
22	30935074	rs5753192	C	A	-0.0007085294
22	47492213	rs4823591	T	C	0.0005416122
3	5427178	rs6763175	A	G	0.0009971279
3	11830536	rs7627219	T	C	-0.0008417888
3	22930257	rs13070226	G	A	-0.002222623
3	35667761	rs10490871	A	G	0.01014202
3	43905870	rs4682701	G	A	0.003218461
3	47672891	rs1568691	T	C	-0.002237385
3	50070763	rs7621352	A	C	-0.007284367
3	52835354	rs736408	C	T	0.0007091581
3	61590181	rs4390919	T	C	0.002568675
3	61639764	rs17670940	T	G	0.004915064
3	73594445	rs4677299	C	T	0.001531744
3	77885564	rs11712519	G	C	0.00430972
3	99942320	rs7611566	C	T	0.00099777
3	112936907	rs6782058	C	T	-0.002321207
3	133241106	rs13059279	C	T	0.008426473
3	135951491	rs632251	G	A	0.003801098
3	136794971	rs9838513	T	C	-0.00339882
3	168269756	rs6771018	A	G	0.001488632
3	192618191	rs11720554	T	C	0.002644423
3	196140367	rs28549737	A	G	0.003407409
4	7449262	rs4689122	C	G	0.0005743864
4	35790972	rs10019864	C	G	0.0036814
4	46051299	rs9994408	G	A	-0.005556394
4	49061604	rs55688634	G	A	0.002845179
4	60793034	rs1903298	A	G	-0.001416688
4	67483081	rs1510744	C	G	0.003606382
4	77190069	rs1876539	C	T	-0.001665747
4	101508721	rs2567377	C	A	-0.003801146
4	102707791	rs17199964	G	A	0.002257112
4	103118768	rs151381	T	C	-0.001122793
4	103206555	rs233816	G	T	0.001616921
4	104130986	rs6533058	A	C	-0.003695765
4	119510402	rs7669896	G	A	-8.112649e-05
4	119820281	rs6534112	C	T	0.002537841
4	122616673	rs9685230	A	G	-0.0003251007
4	127184108	rs1564692	G	C	-0.0006034683
4	133038209	rs1876054	A	G	-0.001678947
4	133045796	rs9990622	A	G	-0.002223082
4	134319928	rs2009274	C	A	0.0007736359
4	149129748	rs4835506	T	C	-5.62135e-05
4	150761848	rs4835599	A	G	-0.002832202
4	165827632	rs6854816	C	T	-0.002043762
4	187428353	rs58507730	T	G	0.00347379
4	189715909	rs66495923	C	T	0.0017478
4	190036900	rs6835666	G	T	-0.001437088
5	7587939	rs6555477	G	A	0.0001943745
5	16963151	rs12110006	C	T	0.004725431
5	23681091	rs56216291	A	G	0.001721116
5	30933213	rs1276221	T	C	-3.627128e-05
5	50057729	Affx-26656411	G	A	0.0004404902
5	55705457	rs1848507	T	C	0.001183783
5	62208673	rs1521992	G	T	-0.001873477
5	76359024	Affx-26983290	C	A	-0.002230479
5	78430058	rs4466139	T	C	-0.002154158
5	84611045	rs383621	G	T	0.0003088096
5	90795928	rs1423595	A	G	0.005854691
5	96504130	rs3839294	CT	C	0.001614851
5	110773100	rs759947	A	G	0.0002806263
5	114165361	rs6594839	C	A	-0.002417238
5	115175916	rs26535	T	G	0.0003965862
5	115250272	rs6881698	T	G	-0.007344831
5	115816948	rs11241394	G	A	-0.0003327609
5	124593173	rs1347924	G	T	0.004035706
5	139975466	rs2569163	A	G	-0.00106744
5	156427659	rs1501906	G	A	-0.0005201992
5	159487323	rs10073416	A	G	-0.0007008582
6	5896220	rs2181351	G	A	-0.004183604
6	13037041	rs4367379	A	G	-0.005717883
6	26415637	rs742090	A	C	-0.002228039
6	27356527	rs13220817	T	C	0.002932646
6	32441100	rs9269081	A	C	0.002749288
6	32605170	DQA1_102	N	P	-0.002033484
6	32626302	rs9273364	T	G	0.002813851
6	32804909	rs241425	A	G	0.004151425
6	32812916	rs2071540	T	C	0.0003896601
6	32822907	rs3763348	C	T	0.003834689
6	41171314	rs4714432	G	A	-0.0010993
6	41468680	rs2495228	G	A	0.003707675
6	67566713	rs10944929	G	A	0.005525582
6	82872314	rs2095671	T	G	-0.0001215212
6	83118292	rs2208422	G	T	-0.0003477604
6	99229022	rs4240567	G	A	-0.0005667471
6	101864854	rs9498580	C	T	-0.003124885
6	109552434	rs351719	A	G	-0.000510806
6	109764535	Affx-27440016	G	T	0.001394666
6	109776058	rs3778477	C	G	3.075707e-05
6	110690440	rs9374165	G	A	0.001640507
6	114479520	rs1889556	T	G	0.006406904
6	125011951	rs7774956	C	T	-0.001727983
6	131791871	rs2608928	A	C	0.0009442203
6	137282117	rs4895471	T	C	0.002690046
6	139965660	rs1936209	A	G	-0.0002979758
7	4882550	rs7799814	T	C	-0.000539796
7	6635573	rs7795522	C	T	-0.003713172
7	6658555	rs2248342	A	G	0.002599676
7	8742513	rs10282568	G	A	-0.000529247
7	11285991	rs7792979	A	G	-0.002081875
7	22154454	rs13227860	G	A	-0.003308494
7	25501256	rs4719814	G	A	-0.001009551
7	25532591	rs11974093	G	C	-0.001604951
7	27440190	rs6957441	C	T	0.0003978748
7	36124981	rs1882059	T	C	0.0007050129
7	36778332	rs2058675	T	C	-0.0009695447
7	41200374	rs28239	A	G	0.004283399
7	78116186	rs7779732	C	A	-0.003287924
7	98342295	rs6465700	G	A	-0.002789855
7	100371100	rs2734880	C	A	-0.0113525
7	121282913	rs10243011	T	C	0.003237639
7	133260685	rs10954419	T	C	-0.006297538
8	1786342	rs11986580	C	T	-0.004075987
8	5408994	rs2733028	T	C	0.002735477
8	6880963	rs6605578	T	C	-0.003395838
8	10465097	rs4354268	C	T	-0.002424218
8	11403769	rs2244931	C	G	0.001709831
8	19058426	rs2175980	A	G	0.004367194
8	19252486	rs7357583	A	G	0.003372607
8	20001454	rs11204097	C	T	0.002772611
8	60137077	rs7821794	G	A	0.002272134
8	60178721	rs10089517	C	A	0.0003337079
8	73889320	rs9298210	C	A	0.003369624
8	73923302	rs1574690	G	T	0.0002426944
8	76573711	rs2922763	G	T	-0.0001235432
8	80605599	rs13264714	T	G	-0.005723393
8	87666251	rs4961206	T	G	-0.004511628
8	87669743	rs59109039	G	A	-0.0004150398
8	88037170	rs2453449	T	C	-0.0004832262
8	103810054	rs17775215	G	A	0.002346173
8	122328920	rs7007172	G	A	0.0006233665
8	127524012	rs10105985	A	C	-0.001720066
8	127592581	rs6470452	G	T	0.000596936
8	128972721	rs9649959	A	G	-0.0008305809
8	134273868	rs4736442	G	A	0.0007216233
8	142704301	rs67014054	C	A	-0.001667592
9	3784461	rs10814617	A	G	-0.001472127
9	3826710	rs12376878	T	G	0.000325657
9	3827120	rs1331260	A	C	0.004439587
9	4144772	rs10814852	C	T	-0.007694566
9	10819554	rs10116969	C	T	-0.009492506
9	78231455	rs1332521	A	G	-0.000792867
9	128487082	rs7018617	G	T	0.004221877
9	138958340	rs10858216	A	G	-0.002274522
9	140037029	rs4880215	C	A	0.001270357
23	6225609	rs5961982	G	A	-0.0005788237
23	10087099	rs739485	C	T	0.0008856026
23	10187367	rs5934812	G	A	0.001600334
23	22314795	rs5951572	C	G	-0.003064093
23	23224695	Affx-34768569	G	T	0.001472754
23	23283302	rs111778314	G	A	9.114171e-05
23	23608587	rs6629697	C	T	-0.0003361852
23	24558750	rs1210902	G	A	0.001099125
23	24578306	rs3761611	G	A	-0.004022855
23	25479903	rs4131175	C	T	0.002427328
23	25677158	rs4460561	C	T	-0.000617776
23	25706324	rs6630104	C	T	-0.001163441
23	26244293	rs5943870	A	G	-0.003576899
23	29944502	rs5973335	G	T	-0.001651578
23	30546324	rs2903515	G	A	-0.0003830375
23	39296297	rs5917816	C	T	0.0007745623
23	39742865	rs5963706	G	A	0.001051588
23	39824830	rs11266269	T	C	0.001197531
23	41948286	rs5918286	G	A	0.001709372
23	41955510	rs206064	T	C	-0.0005147588
23	45873682	rs5906133	T	C	0.0007443221
23	68355002	rs6625402	G	A	-2.743043e-05
23	69631496	rs6625606	A	C	-0.002107286
23	78586744	rs5959303	T	G	0.002833733
23	89397011	rs147357820	A	C	-0.0004786587
23	91258004	rs139504044	A	G	-0.0006806455
23	100271270	rs139231094	C	T	-0.001414558
23	122060570	rs766843	G	T	0.00142348
23	123392929	rs1279817	T	G	-0.005031318
23	123536223	rs2239478	G	A	-0.001513223
23	124740946	rs2858278	T	C	-0.004364625
23	128171413	rs1572971	T	C	-0.00133898
23	137857818	rs5976197	C	T	-0.001664684
23	137943387	rs7060413	A	G	-0.002302176
23	141970401	rs35506718	A	G	0.002224293
23	142303270	rs80209015	T	C	0.0002514677
23	142720238	rs12156770	C	T	-0.002564545
23	144138256	rs914820	C	T	0.004620723
23	145830877	rs12845924	C	T	-0.001586634
23	148304293	rs5980419	G	A	0.0007262639
23	151616470	rs6627237	T	C	-0.001849913
24	498883	rs66600054	C	T	-0.001549593
